PlayerID,Player-TableID,Scenario,Game,Round,Address,Question1,Question2,Membership,GameTactic,Income,LivingCost,MaxMortgage,StartingSavings,IncreaseSatisfaction,PreferredHouseRating,ActualHouseRating,Satisfaction change,Savings,BeginSatisfaction,Debt Penalty,Move Penalty,House Rating Change,Measures Implemented,Bought Satisfaction,Flood Penalty,Unnamed: 26,Sheet EndSatisfaction,EndSatisfaction,Damage,Available income (Savings + Income),Sheet available income,Taxes,Round Mortgage,House Repairs,"Calculated Costs 
(Living costs+Taxes+Round Mortgage+House repairs)",Sheet costs,Calculated spendable income,SpendableIncome,PayingDebt,PayingMeasures,PayingSatisfaction,End savings (Spendable income - paying measures),Sheets savings,River damage,Private rain protection,Overall damage,RiverFloodedArea,RiverFloodedHouse,RainFloodedArea,RainFloodedHouse,GreenGarden,AutomaticSteelWalls,Waterpump,Bulkhead,RiseGroundLevel,WaterproofWallsandFloors,Sandbags,Rainbarrel,FinalArea,Private_Measure,filter_$,Riverfloodlag,RainFloodlag,GreenGarden_Lead,Automatic_Lead,Waterpump_Lead,Bulkhead_Lead,RiseGround_Lead,Waterproof_Lead,Sandbag_Lead,Rainbarrel_Lead
1,1A,1,1,1,D01,1.5,,1,4.0,180,105,300,80,21,8,8,0.0,50,5,0.0,0.0,0.0,3.0,0.0,0.0,Null,8.0,8.0,0,230,,15.0,27.0,0.0,147,137.0,83,93,0.0,35.0,0.0,58.0,58.0,0,Yes,0,2.0,2.0,2.0,2.0,0,0,0,0,1,0,0,0,0,1,0,,,1.0,0.0,0.0,0.0,0.0,0.0,0.0,0.0
1,1A,1,1,2,D01,1.0,3.0,1,,180,105,300,80,21,8,8,0.0,58,8,0.0,0.0,0.0,2.0,0.0,0.0,Null,10.0,10.0,0,238,,15.0,27.0,0.0,147,137.0,91,101,0.0,20.0,0.0,81.0,81.0,0,Yes,0,2.0,2.0,2.0,2.0,1,0,0,0,0,0,0,0,1,0,0,2.0,2.0,0.0,0.0,0.0,0.0,1.0,0.0,0.0,0.0
2,2A,1,1,1,D05,1.5,,2,2.0,120,65,200,50,13,7,5,-2.0,20,5,0.0,0.0,-2.0,3.0,0.0,0.0,Null,6.0,6.0,0,140,140.0,15.0,12.0,0.0,92,92.0,48,48,0.0,35.0,0.0,13.0,13.0,0,Yes,0,2.0,2.0,2.0,2.0,0,0,0,0,1,0,0,0,0,1,0,2.0,2.0,1.0,0.0,0.0,0.0,0.0,0.0,0.0,0.0
2,2A,1,1,2,D05,1.5,3.0,2,2.0,120,65,200,50,13,7,5,,13,6,0.0,0.0,0.0,2.0,0.0,0.0,Null,8.0,8.0,0,133,133.0,15.0,12.0,0.0,92,92.0,41,41,0.0,20.0,0.0,21.0,21.0,0,Yes,0,2.0,2.0,1.0,2.0,1,0,0,0,0,0,0,0,0,1,0,2.0,2.0,0.0,0.0,0.0,0.0,0.0,0.0,0.0,1.0
2,2A,1,1,3,D05,3.0,2.0,2,2.0,120,65,200,50,13,7,5,,21,8,0.0,0.0,0.0,1.0,0.0,0.0,Null,9.0,9.0,0,141,,,,,65,,76,49,0.0,11.0,0.0,38.0,,0,Yes,0,2.0,2.0,2.0,2.0,0,0,0,0,0,0,0,1,0,1,0,2.0,1.0,0.0,0.0,0.0,0.0,0.0,0.0,0.0,0.0
2,2A,1,1,4,D05,1.5,2.0,2,2.0,120,65,200,50,13,7,5,,38,9,0.0,0.0,0.0,0.0,0.0,0.0,Null,9.0,9.0,0,158,,,,,65,,93,66,0.0,0.0,0.0,66.0,,0,Yes,0,2.0,2.0,2.0,2.0,0,0,0,0,0,0,0,0,0,0,0,2.0,2.0,0.0,0.0,0.0,0.0,0.0,0.0,0.0,0.0
2,2A,1,1,5,D05,1.5,1.0,2,2.0,120,65,200,50,13,7,5,,66,9,0.0,0.0,0.0,0.0,1.0,0.0,Null,10.0,17.0,0,186,,,,,65,,121,94,0.0,0.0,1.0,94.0,,0,Yes,0,2.0,2.0,2.0,2.0,0,0,0,0,0,0,0,0,0,0,1,2.0,2.0,0.0,1.0,0.0,0.0,0.0,0.0,0.0,0.0
3,3A,1,1,1,U01,2.0,3.0,2,3.0,100,50,170,30,10,6,6,,0,5,0.0,0.0,0.0,0.0,0.0,3.0,Null,2.0,2.0,0,100,,,,,50,,50,18,0.0,12.0,0.0,6.0,,2,Yes,2,1.0,1.0,2.0,2.0,0,1,0,0,0,0,0,0,0,1,0,2.0,2.0,0.0,0.0,0.0,1.0,0.0,0.0,0.0,0.0
3,3A,1,1,2,U01,2.0,2.0,2,3.0,100,50,170,30,10,6,6,,61,2,0.0,0.0,0.0,0.0,0.0,0.0,Null,2.0,2.0,3,161,,,,,50,,111,12,0.0,8.0,0.0,4.0,,0,Yes,0,2.0,2.0,1.0,2.0,0,0,0,1,0,0,0,0,0,1,0,1.0,2.0,0.0,0.0,0.0,0.0,0.0,0.0,1.0,0.0
3,3A,1,1,3,U01,2.0,2.0,2,3.0,100,50,170,30,10,6,6,,4,2,0.0,0.0,0.0,0.0,0.0,0.0,Null,2.0,2.0,0,104,,,,,50,,54,22,0.0,3.0,0.0,19.0,,0,Yes,0,2.0,2.0,2.0,2.0,0,0,0,0,0,0,1,0,0,1,0,2.0,1.0,0.0,0.0,0.0,0.0,1.0,0.0,0.0,0.0
3,3A,1,1,4,U01,2.0,2.0,2,3.0,100,50,170,30,10,6,6,,19,2,0.0,0.0,0.0,3.0,0.0,0.0,Null,5.0,5.0,0,119,,,,,50,,69,37,0.0,35.0,0.0,2.0,,0,Yes,0,1.0,2.0,2.0,2.0,0,0,0,0,1,0,0,0,0,1,0,2.0,2.0,0.0,0.0,0.0,0.0,0.0,0.0,0.0,0.0
3,3A,1,1,5,U01,2.0,2.0,2,3.0,100,50,170,30,10,6,6,,2,5,0.0,0.0,0.0,0.0,0.0,0.0,2,7.0,11.0,0,102,,,,,50,,52,20,0.0,0.0,2.0,20.0,,0,Yes,0,1.0,2.0,2.0,2.0,0,0,0,0,0,0,0,0,0,0,1,1.0,2.0,0.0,0.0,1.0,0.0,0.0,0.0,0.0,0.0
4,4A,1,1,1,D10,1.0,2.0,2,4.0,80,40,130,15,8,5,2,,0,5,0.0,0.0,-3.0,0.0,0.0,0.0,Null,2.0,2.0,0,80,,,,,40,,40,9,0.0,6.0,0.0,3.0,,0,Yes,0,2.0,2.0,1.0,2.0,0,0,1,0,0,0,0,0,0,1,0,1.0,2.0,0.0,0.0,0.0,0.0,0.0,0.0,0.0,0.0
4,4A,1,1,2,D10,1.0,2.0,2,4.0,80,40,130,15,8,5,2,,3,2,0.0,0.0,0.0,0.0,0.0,0.0,Null,2.0,2.0,0,83,,,,,40,,43,12,0.0,0.0,0.0,12.0,,0,No,0,2.0,2.0,1.0,2.0,0,0,0,0,0,0,0,0,0,0,0,2.0,1.0,0.0,0.0,0.0,0.0,0.0,0.0,0.0,0.0
4,4A,1,1,3,D10,1.0,2.0,2,4.0,80,40,130,15,8,5,2,,12,2,0.0,0.0,0.0,0.0,0.0,0.0,Null,2.0,2.0,0,92,,,,,40,,52,21,0.0,0.0,0.0,21.0,,0,Yes,0,2.0,2.0,2.0,2.0,0,0,0,0,0,0,0,0,0,0,0,2.0,1.0,0.0,0.0,0.0,0.0,0.0,0.0,0.0,0.0
4,4A,1,1,4,D10,1.0,2.0,2,4.0,80,40,130,15,8,5,2,,21,2,0.0,0.0,0.0,0.0,0.0,0.0,Null,2.0,2.0,0,101,,,,,40,,61,30,0.0,0.0,0.0,30.0,,0,Yes,0,2.0,2.0,1.0,2.0,0,0,0,0,0,0,0,0,0,0,0,2.0,2.0,0.0,0.0,0.0,0.0,0.0,0.0,0.0,0.0
4,4A,1,1,5,D10,1.0,2.0,2,4.0,80,40,130,15,8,5,2,,30,2,0.0,0.0,0.0,0.0,0.0,0.0,6,8.0,8.0,0,110,,,,,40,,70,39,0.0,0.0,0.0,39.0,,0,Yes,0,2.0,2.0,2.0,2.0,0,0,0,0,0,0,0,0,0,0,1,2.0,1.0,0.0,0.0,0.0,0.0,0.0,0.0,0.0,0.0
5,5A,1,1,1,N07,2.0,2.0,2,2.0,65,30,110,5,6,4,3,,5,5,0.0,0.0,-1.0,0.0,0.0,0.0,Null,4.0,4.0,0,70,,,,,30,,40,10,0.0,0.0,0.0,10.0,,0,No,0,2.0,2.0,2.0,2.0,0,0,0,0,0,0,0,0,0,0,0,2.0,2.0,0.0,1.0,0.0,0.0,0.0,0.0,0.0,0.0
5,5A,1,1,2,N07,1.0,2.0,2,2.0,65,30,110,5,6,4,3,,10,4,0.0,0.0,0.0,0.0,0.0,0.0,Null,4.0,4.0,0,75,,,,,30,,45,15,0.0,12.0,0.0,3.0,,0,Yes,0,2.0,2.0,1.0,2.0,0,1,0,0,0,0,0,0,0,1,0,2.0,2.0,0.0,0.0,0.0,1.0,0.0,0.0,0.0,0.0
5,5A,1,1,3,N07,2.0,2.0,2,2.0,65,30,110,5,6,4,3,,3,4,0.0,0.0,0.0,0.0,0.0,0.0,Null,4.0,4.0,0,68,,,,,30,,38,8,0.0,8.0,0.0,0.0,,0,Yes,0,2.0,2.0,2.0,2.0,0,0,0,1,0,0,0,0,0,1,0,2.0,1.0,0.0,0.0,0.0,0.0,0.0,0.0,0.0,0.0
5,5A,1,1,4,N07,3.0,2.0,2,2.0,65,30,110,5,6,4,3,,0,4,0.0,0.0,0.0,0.0,0.0,0.0,Null,4.0,4.0,0,65,,,,,30,,35,0,0.0,0.0,0.0,0.0,,0,Yes,0,2.0,2.0,2.0,2.0,0,0,0,0,0,0,0,0,0,0,0,2.0,2.0,0.0,0.0,0.0,0.0,0.0,0.0,0.0,0.0
5,5A,1,1,5,N07,2.0,2.0,2,2.0,65,30,110,5,6,4,3,,0,4,0.0,0.0,0.0,0.0,0.0,0.0,2,6.0,11.0,0,65,,,,,30,,35,0,0.0,0.0,0.0,0.0,,0,Yes,0,2.0,2.0,2.0,2.0,0,0,0,0,0,0,0,0,0,0,1,2.0,2.0,0.0,0.0,0.0,0.0,0.0,0.0,0.0,1.0
6,6A,1,1,1,N04,3.0,2.0,1,4.0,100,50,170,30,10,6,6,,0,5,0.0,0.0,0.0,1.0,0.0,0.0,Null,6.0,6.0,0,100,,,,,50,,50,13,0.0,11.0,0.0,2.0,,0,Yes,0,2.0,2.0,2.0,2.0,0,0,0,0,0,0,0,1,0,1,0,2.0,2.0,0.0,0.0,0.0,1.0,0.0,0.0,0.0,0.0
6,6A,1,1,2,N04,3.0,2.0,1,4.0,100,50,170,30,10,6,6,,2,6,0.0,0.0,0.0,0.0,0.0,0.0,Null,6.0,6.0,0,102,,,,,50,,52,15,0.0,8.0,0.0,7.0,,0,Yes,0,2.0,2.0,1.0,2.0,0,0,0,1,0,0,0,0,0,1,0,2.0,2.0,0.0,0.0,0.0,0.0,0.0,0.0,0.0,0.0
6,6A,1,1,3,N04,3.0,3.0,1,4.0,100,50,170,30,10,6,6,,7,6,0.0,0.0,0.0,0.0,0.0,0.0,Null,6.0,6.0,0,107,,,,,50,,57,20,0.0,0.0,0.0,20.0,,0,Yes,0,2.0,2.0,2.0,2.0,0,0,0,0,0,0,0,0,0,0,0,2.0,1.0,0.0,0.0,0.0,0.0,0.0,0.0,0.0,0.0
6,6A,1,1,4,N04,3.0,3.0,1,4.0,100,50,170,30,10,6,6,,20,6,0.0,0.0,0.0,0.0,0.0,0.0,Null,6.0,6.0,0,120,,,,,50,,70,28,0.0,0.0,0.0,28.0,,0,Yes,0,2.0,2.0,2.0,2.0,0,0,0,0,0,0,0,0,0,0,0,2.0,2.0,0.0,0.0,0.0,0.0,0.0,0.0,0.0,0.0
6,6A,1,1,5,N04,3.0,3.0,1,4.0,100,50,170,30,10,6,6,,28,6,0.0,0.0,0.0,0.0,0.0,0.0,2,8.0,13.0,0,128,,,,,50,,78,36,0.0,0.0,0.0,36.0,,0,Yes,0,2.0,2.0,2.0,2.0,0,0,0,0,0,0,0,0,1,0,1,2.0,2.0,0.0,0.0,0.0,0.0,0.0,0.0,0.0,0.0
7,7A,1,1,1,U10,3.0,3.0,2,1.0,50,20,80,0,4,3,2,,0,5,0.0,0.0,-1.0,0.0,0.0,-4.0,0,0.0,0.0,0,50,,,,,20,,30,8,0.0,0.0,0.0,8.0,,3,No,3,1.0,1.0,2.0,2.0,0,0,0,0,0,0,0,0,0,0,0,2.0,2.0,0.0,0.0,0.0,0.0,0.0,0.0,0.0,0.0
7,7A,1,1,2,U10,5.0,4.0,2,1.0,50,20,80,0,4,3,2,,8,0,0.0,0.0,0.0,0.0,0.0,-1.0,Null,-1.0,0.0,3,58,,,,,20,,38,4,0.0,0.0,0.0,4.0,,0,No,1,2.0,2.0,1.0,1.0,0,0,0,0,0,0,0,0,0,0,0,1.0,2.0,0.0,0.0,0.0,0.0,0.0,0.0,1.0,0.0
7,7A,1,1,3,U10,5.0,5.0,2,1.0,50,20,80,0,4,3,2,,4,0,-1.0,0.0,0.0,0.0,0.0,0.0,Null,-1.0,0.0,1,54,,,,,20,,34,8,0.0,3.0,0.0,5.0,,0,Yes,0,2.0,2.0,2.0,2.0,0,0,0,0,0,0,1,0,0,1,0,2.0,1.0,0.0,0.0,0.0,0.0,0.0,0.0,0.0,1.0
7,7A,1,1,4,U10,4.0,4.0,2,1.0,50,20,80,0,4,3,2,,5,0,-1.0,0.0,0.0,0.0,1.0,-3.0,Null,-3.0,0.0,0,55,,,,,20,,35,13,0.0,12.0,0.0,1.0,,2,Yes,2,1.0,1.0,2.0,2.0,0,0,0,0,0,0,0,1,0,1,0,2.0,2.0,0.0,0.0,0.0,0.0,0.0,0.0,0.0,0.0
7,7A,1,1,5,U10,4.0,4.0,2,1.0,50,20,80,0,4,3,2,,2,0,0.0,0.0,0.0,0.0,0.0,-2.0,Null,-5.0,5.0,2,52,,,,,20,,32,2,0.0,0.0,0.0,2.0,,1,Yes,1,1.0,1.0,2.0,2.0,0,0,0,0,0,0,0,0,0,0,1,1.0,2.0,0.0,0.0,0.0,0.0,0.0,0.0,0.0,1.0
8,8A,1,1,1,U04,3.0,2.0,2,4.0,80,40,130,15,8,5,4,,5,5,0.0,0.0,-1.0,1.0,0.0,-4.0,Null,1.0,1.0,0,85,,,,,40,,45,19,0.0,11.0,0.0,8.0,,3,Yes,3,1.0,1.0,2.0,2.0,0,0,0,0,0,0,0,1,0,1,0,1.0,2.0,0.0,0.0,0.0,1.0,0.0,0.0,0.0,0.0
8,8A,1,1,2,U04,3.0,2.0,2,4.0,80,40,130,15,8,5,4,,8,1,1.0,0.0,0.0,0.0,0.0,1.0,Null,1.0,1.0,4,88,,,,,40,,48,9,0.0,8.0,0.0,1.0,,0,Yes,0,2.0,2.0,1.0,2.0,0,0,0,1,0,0,0,0,0,1,0,1.0,2.0,0.0,0.0,0.0,0.0,0.0,0.0,1.0,0.0
8,8A,1,1,3,U04,3.0,2.0,2,4.0,80,40,130,15,8,5,4,,1,1,1.0,0.0,0.0,0.0,1.0,0.0,Null,2.0,2.0,0,81,,,,,40,,41,15,0.0,3.0,1.0,12.0,,0,Yes,0,2.0,2.0,2.0,2.0,0,0,0,0,0,0,1,0,0,1,0,2.0,1.0,0.0,0.0,0.0,0.0,0.0,0.0,1.0,0.0
8,8A,1,1,4,U04,3.0,2.0,2,4.0,80,40,130,15,8,5,4,,4,2,0.0,0.0,0.0,0.0,1.0,-2.0,Null,1.0,1.0,0,84,,,,,40,,44,17,0.0,3.0,1.0,14.0,,1,Yes,1,1.0,1.0,2.0,2.0,0,0,0,0,0,0,1,0,0,1,0,2.0,2.0,0.0,0.0,0.0,0.0,0.0,0.0,1.0,0.0
8,8A,1,1,5,U04,2.0,,2,4.0,80,40,130,15,8,5,4,,6,1,0.0,0.0,0.0,0.0,1.0,-1.0,5,6.0,6.0,1,86,,,,,40,,46,16,0.0,3.0,1.0,13.0,,5,Yes,0,1.0,2.0,2.0,2.0,0,0,0,0,0,0,1,0,0,1,1,1.0,2.0,1.0,0.0,0.0,0.0,0.0,0.0,0.0,0.0
9,1B,1,2,1,D01,1.0,4.0,2,,100,50,170,30,10,6,8,,0,5,-1.0,0.0,2.0,2.0,0.0,-2.0,,8.0,10.0,0,100,,,,,50,,50,82,60.0,20.0,0.0,62.0,,1,Yes,1,1.0,1.0,2.0,2.0,1,0,0,0,0,0,0,0,0,1,0,1.0,2.0,0.0,0.0,0.0,0.0,0.0,0.0,0.0,0.0
9,1B,1,2,2,D01,1.0,4.0,2,,100,50,170,30,10,6,8,,2,8,-1.0,0.0,0.0,0.0,0.0,0.0,,7.0,8.0,1,102,,,,,50,,52,16,10.0,8.0,0.0,8.0,,0,Yes,0,2.0,2.0,1.0,2.0,0,0,0,0,0,0,0,0,1,1,0,2.0,2.0,1.0,0.0,0.0,0.0,1.0,0.0,0.0,0.0
9,1B,1,2,3,D01,3.0,4.0,2,,100,50,170,30,10,6,8,,2,7,-1.0,0.0,0.0,0.0,0.0,0.0,,6.0,9.0,0,102,,,,,50,,52,20,10.0,0.0,0.0,20.0,,0,Yes,0,2.0,2.0,2.0,2.0,0,0,0,1,0,0,0,0,0,0,0,1.0,2.0,0.0,0.0,0.0,1.0,0.0,0.0,0.0,0.0
10,2B,1,2,1,N04,2.0,2.0,3,4.0,180,105,300,80,21,8,6,,40,5,0.0,0.0,-2.0,5.0,0.0,0.0,,8.0,8.0,0,220,,,,,105,,115,70,0.0,55.0,0.0,15.0,,0,Yes,0,1.0,2.0,2.0,2.0,1,0,0,0,1,0,0,0,0,1,0,2.0,1.0,0.0,0.0,0.0,0.0,0.0,0.0,0.0,1.0
10,2B,1,2,2,N04,2.0,1.0,3,4.0,180,105,300,80,21,8,6,,15,8,0.0,0.0,0.0,1.0,1.0,0.0,,10.0,10.0,0,195,,,,,105,,90,45,0.0,11.0,1.0,34.0,,0,Yes,0,2.0,2.0,2.0,2.0,0,0,0,0,0,0,0,1,0,1,0,1.0,2.0,0.0,0.0,0.0,1.0,0.0,1.0,0.0,0.0
10,2B,1,2,3,N04,2.0,3.0,3,4.0,180,105,300,80,21,8,6,,13,10,0.0,0.0,0.0,1.0,1.0,0.0,,12.0,12.0,0,193,,,,,105,,88,53,0.0,28.0,1.0,25.0,,0,Yes,0,2.0,2.0,1.0,2.0,0,0,0,1,0,1,0,0,1,1,0,2.0,2.0,0.0,0.0,0.0,1.0,0.0,0.0,0.0,0.0
11,3B,1,2,1,U04,4.0,4.0,3,2.0,80,40,130,15,8,5,4,,0,5,-1.0,0.0,-1.0,0.0,0.0,-4.0,,-1.0,0.0,0,80,,,,,40,,40,12,1.0,8.0,0.0,4.0,,0,Yes,0,1.0,1.0,2.0,2.0,0,0,0,1,0,0,0,0,0,1,0,2.0,1.0,0.0,0.0,0.0,0.0,0.0,0.0,1.0,0.0
11,3B,1,2,2,U04,3.0,4.0,3,2.0,80,40,130,15,8,5,4,,3,-1,0.0,0.0,0.0,0.0,0.0,0.0,,-1.0,0.0,3,83,,,,,40,,43,3,0.0,3.0,0.0,0.0,,0,Yes,0,2.0,2.0,2.0,2.0,0,0,0,0,0,0,1,0,0,1,0,1.0,2.0,0.0,1.0,0.0,0.0,0.0,0.0,0.0,0.0
11,3B,1,2,3,U04,4.0,4.0,3,2.0,80,40,130,15,8,5,4,,0,-1,0.0,0.0,0.0,0.0,0.0,0.0,,-1.0,0.0,0,80,,,,,40,,40,12,0.0,12.0,0.0,0.0,,0,Yes,0,2.0,2.0,1.0,2.0,0,1,0,0,0,0,0,0,1,1,0,2.0,2.0,0.0,0.0,0.0,0.0,0.0,0.0,0.0,0.0
12,4B,1,2,1,N07,2.0,2.0,1,1.0,50,20,80,0,4,3,3,,0,5,-1.0,0.0,0.0,0.0,0.0,-2.0,,2.0,2.0,0,50,,,,,20,,30,2,2.0,0.0,0.0,2.0,,1,No,1,1.0,1.0,2.0,2.0,0,0,0,0,0,0,0,0,0,0,0,2.0,1.0,0.0,0.0,0.0,0.0,0.0,0.0,0.0,0.0
12,4B,1,2,2,N07,1.0,2.0,1,1.0,50,20,80,0,4,3,3,,0,2,-1.0,0.0,0.0,0.0,0.0,0.0,,1.0,1.0,1,50,,,,,20,,30,0,0.0,0.0,0.0,0.0,,0,No,0,2.0,2.0,2.0,2.0,0,0,0,0,0,0,0,0,0,0,0,1.0,2.0,0.0,0.0,0.0,0.0,0.0,0.0,0.0,0.0
12,4B,1,2,3,N07,2.0,3.0,1,1.0,50,20,80,0,4,3,3,,0,1,-1.0,0.0,0.0,0.0,0.0,-1.0,,-1.0,0.0,0,50,,,,,20,,30,2,2.0,0.0,0.0,2.0,,0,No,1,2.0,2.0,1.0,1.0,0,0,0,0,0,0,0,0,1,0,0,2.0,2.0,0.0,0.0,1.0,0.0,0.0,0.0,0.0,0.0
13,5B,1,2,1,U10,2.0,3.0,1,,100,50,170,30,10,6,2,,30,5,0.0,0.0,-4.0,0.0,0.0,-5.0,,-4.0,0.0,0,130,,,,,50,,80,58,0.0,6.0,0.0,52.0,,0,No,-4,1.0,1.0,2.0,2.0,0,0,1,0,0,0,0,0,1,1,0,2.0,1.0,0.0,0.0,0.0,0.0,0.0,0.0,0.0,1.0
14,6B,1,2,1,D04,1.0,2.0,3,,80,40,130,15,8,5,5,,0,5,-1.0,0.0,0.0,1.0,0.0,-2.0,,3.0,3.0,0,80,,,,,40,,40,12,0.0,11.0,0.0,1.0,,1,No,1,1.0,1.0,2.0,2.0,0,0,0,0,0,0,0,1,0,1,0,1.0,2.0,0.0,0.0,0.0,1.0,0.0,0.0,0.0,0.0
14,6B,1,2,2,D04,1.0,2.0,3,,80,40,130,15,8,5,5,,1,3,-1.0,0.0,0.0,1.0,0.0,0.0,,3.0,5.0,1,81,,,,,40,,41,10,2.0,8.0,0.0,2.0,,0,Null,Null,2.0,2.0,2.0,2.0,0,0,0,1,0,0,0,0,0,1,0,1.0,2.0,0.0,0.0,0.0,0.0,0.0,0.0,1.0,0.0
14,6B,1,2,3,D04,1.0,1.0,3,,80,40,130,15,8,5,5,,0,3,-1.0,0.0,0.0,1.0,0.0,0.0,,3.0,6.0,0,80,,,,,40,,40,12,2.0,3.0,0.0,9.0,,0,No,0,2.0,2.0,1.0,2.0,0,0,0,0,0,0,1,0,1,1,0,2.0,2.0,0.0,0.0,0.0,0.0,0.0,0.0,1.0,0.0
15,7B,1,2,1,D05,3.0,2.0,3,,65,30,110,5,6,4,5,,5,5,-1.0,0.0,1.0,0.0,0.0,0.0,,5.0,5.0,0,70,,,,,30,,40,14,0.0,3.0,0.0,11.0,,0,Yes,0,1.0,1.0,2.0,2.0,0,0,0,0,0,0,1,0,0,1,0,2.0,1.0,0.0,0.0,0.0,0.0,0.0,1.0,0.0,0.0
15,7B,1,2,2,D05,3.0,2.0,3,,65,30,110,5,6,4,5,,11,5,-1.0,0.0,0.0,1.0,0.0,0.0,,6.0,6.0,0,76,,,,,30,,46,20,0.0,20.0,0.0,0.0,,Null,Null,0,2.0,2.0,2.0,2.0,0,0,0,0,0,1,0,0,0,1,0,1.0,2.0,0.0,0.0,0.0,1.0,0.0,0.0,0.0,0.0
15,7B,1,2,3,D05,,,3,,65,30,110,5,6,4,5,,0,6,-1.0,0.0,0.0,0.0,0.0,0.0,,5.0,5.0,0,65,,,,,30,,35,9,0.0,8.0,0.0,1.0,,0,Yes,0,2.0,2.0,1.0,2.0,0,0,0,1,0,0,0,0,1,1,0,2.0,2.0,1.0,0.0,0.0,0.0,0.0,0.0,0.0,1.0
16,8B,1,2,1,U01,3.0,1.0,3,3.0,120,65,200,50,13,7,6,,30,5,0.0,0.0,-1.0,3.0,0.0,-5.0,,2.0,2.0,0,150,,,,,65,,85,52,0.0,31.0,0.0,21.0,,,,,1.0,1.0,2.0,2.0,1,0,0,0,0,0,0,1,0,1,0,2.0,1.0,0.0,0.0,0.0,0.0,1.0,0.0,0.0,0.0
16,8B,1,2,2,U01,3.0,1.0,3,3.0,120,65,200,50,13,7,6,,30,2,0.0,0.0,0.0,3.0,0.0,0.0,,5.0,5.0,4,150,,,,,65,,85,68,0.0,35.0,0.0,33.0,,,,,2.0,2.0,2.0,2.0,0,0,0,0,1,0,0,0,0,1,0,1.0,2.0,0.0,0.0,0.0,0.0,0.0,0.0,0.0,0.0
16,8B,1,2,3,U01,3.0,2.0,3,3.0,120,65,200,50,13,7,6,,30,5,0.0,0.0,0.0,0.0,0.0,0.0,,5.0,5.0,0,150,,,,,65,,85,52,0.0,0.0,0.0,52.0,,,,,2.0,2.0,1.0,2.0,0,0,0,0,0,0,0,0,1,0,0,2.0,2.0,0.0,0.0,1.0,0.0,0.0,1.0,1.0,0.0
17,1C,2,3,1,U01,3.0,2.0,2,4.0,180,105,300,80,21,8,6,,80,5,,,,,,,,4.0,4.0,0,260,,,,,105,,155,120,0.0,29.0,0.0,91.0,,,,,2.0,2.0,1.0,1.0,0,0,1,0,0,1,1,0,0,1,0,2.0,1.0,,,,,,,,
17,1C,2,3,2,U01,,,2,4.0,180,105,300,80,21,8,6,,91,4,,,,,,,,,,0,271,,,,,105,,166,131,,,,,,,,,,,,,0,0,0,0,0,0,0,0,1,0,0,2.0,1.0,0.0,0.0,0.0,0.0,1.0,0.0,0.0,0.0
18,2C,2,3,1,N04,2.0,3.0,1,4.0,120,65,200,50,13,7,6,,50,5,,,,,,,,7.0,7.0,0,170,,,,,65,,105,65,0.0,35.0,0.0,30.0,,,,,2.0,2.0,1.0,2.0,0,0,0,0,1,0,0,0,0,1,0,,,,,,,,,,
18,2C,2,3,2,N04,,,1,4.0,120,65,200,50,13,7,6,,30,7,,,,,,,,,,0,150,,,,,65,,85,30,,,,,,,,,,,,,0,0,0,0,0,0,0,0,1,0,0,2.0,1.0,0.0,0.0,0.0,0.0,0.0,0.0,0.0,0.0
19,3C,2,3,1,U04,4.0,2.0,3,1.0,80,40,130,15,8,5,4,,0,5,,,,,,,,3.0,3.0,0,80,,,,,40,,40,12,0.0,0.0,0.0,12.0,,,,,2.0,2.0,1.0,1.0,0,0,0,0,0,0,0,0,0,0,0,,,,,,,,,,
19,3C,2,3,2,U04,,,3,1.0,80,40,130,15,8,5,4,,12,3,,,,,,,,,,1,92,,,,,40,,52,20,,,,,,,,,,,,,0,0,0,0,0,0,0,0,1,0,0,2.0,1.0,1.0,0.0,0.0,0.0,0.0,0.0,1.0,0.0
20,4C,2,3,1,N07,1.0,1.0,1,5.0,80,40,130,15,8,5,3,,15,5,,,,,,,,5.0,5.0,0,95,,,,,40,,55,23,0.0,23.0,0.0,0.0,,,,,2.0,2.0,1.0,2.0,1,0,0,0,0,0,1,0,0,1,0,,,,,,,,,,
20,4C,2,3,2,N07,,,1,5.0,80,40,130,15,8,5,3,,15,5,,,,,,,,,,0,95,,,,,40,,55,23,,,,,,,,,,,,,0,0,0,0,0,0,0,0,1,0,0,2.0,1.0,0.0,0.0,1.0,0.0,0.0,0.0,0.0,0.0
21,5C,2,3,1,D04,3.0,4.0,3,5.0,100,50,170,30,10,6,5,,30,5,,,,,,,,4.0,4.0,0,130,,,,,50,,80,49,0.0,6.0,0.0,43.0,,,,,2.0,2.0,1.0,2.0,0,0,1,0,0,0,0,0,0,1,0,,,,,,,,,,
21,5C,2,3,2,D04,,,3,5.0,100,50,170,30,10,6,5,,43,4,,,,,,,,,,0,143,,,,,50,,93,62,,,,,,,,,,,,,0,0,0,0,0,0,0,0,1,0,0,2.0,1.0,0.0,0.0,0.0,0.0,0.0,0.0,0.0,0.0
22,6C,2,3,1,U10,1.0,2.0,1,4.0,65,30,110,5,6,4,2,,5,5,,,,,,,,4.0,4.0,0,70,,,,,30,,40,18,0.0,0.0,2.0,18.0,,,,,2.0,2.0,1.0,1.0,0,0,0,0,0,0,0,0,0,0,0,,,,,,,,,,
22,6C,2,3,2,U10,,,1,4.0,65,30,110,5,6,4,2,,6,4,,,,,,,,,,1,71,,,,,30,,41,15,,,,,,,,,,,,,0,0,0,0,0,0,0,0,1,0,0,2.0,1.0,1.0,0.0,0.0,0.0,1.0,0.0,0.0,0.0
23,7C,2,3,1,D05,2.0,3.0,3,4.0,100,50,170,30,10,6,5,,20,5,,,,,,,,10.0,10.0,0,120,,,,,50,,70,138,0.0,55.0,1.0,83.0,,,,,2.0,2.0,1.0,2.0,1,0,0,0,1,0,0,0,0,1,0,,,,,,,,,,
23,7C,2,3,2,N05,,,3,4.0,100,50,170,30,10,6,5,,73,10,,,,,,,,,,0,173,,,,,50,,123,111,,,,,,,,,,,,,0,0,0,0,0,0,0,0,1,0,0,2.0,1.0,0.0,1.0,1.0,0.0,0.0,0.0,0.0,0.0
24,8C,2,3,1,D10,3.0,2.0,3,2.0,50,20,80,0,4,3,9,,0,5,,,,,,,,4.0,4.0,0,50,,,,,20,,30,7,0.0,18.0,1.0,-11.0,,,,,2.0,2.0,1.0,2.0,0,1,1,0,0,0,0,0,0,1,0,,,,,,,,,,
24,8C,2,3,2,N01,,,3,2.0,50,20,80,0,4,3,9,,0,4,,,,,,,,,,0,50,,,,,20,,30,7,,,,,,,,,,,,,0,0,0,0,0,0,0,0,1,0,0,2.0,1.0,0.0,0.0,0.0,0.0,0.0,0.0,0.0,1.0
25,1D,2,4,1,D10,2.0,1.0,2,4.0,65,30,110,5,6,4,2,,5,5,,,,,,,,4.0,4.0,0,70,,,,,30,,40,17,0.0,11.0,0.0,6.0,,,,,2.0,2.0,2.0,2.0,0,0,0,0,0,0,0,1,0,1,0,,,0.0,0.0,0.0,0.0,0.0,0.0,0.0,0.0
25,1D,2,4,2,D10,3.0,2.0,2,4.0,65,30,110,5,6,4,2,,6,4,,,,,,,,4.0,4.0,0,71,,,,,30,,41,19,0.0,0.0,0.0,19.0,,,,,2.0,2.0,2.0,2.0,0,0,0,0,0,0,0,0,0,0,0,2.0,2.0,1.0,0.0,0.0,0.0,0.0,0.0,0.0,0.0
25,1D,2,4,3,D10,3.0,3.0,2,4.0,65,30,110,5,6,4,2,,19,4,,,,,,,,5.0,5.0,0,84,,,,,30,,54,27,0.0,20.0,0.0,7.0,,,,,2.0,2.0,2.0,2.0,1,0,0,0,0,0,0,0,0,1,0,2.0,2.0,1.0,0.0,0.0,0.0,1.0,0.0,0.0,1.0
25,1D,2,4,4,D08,3.0,2.0,2,4.0,65,30,110,5,6,4,2,,7,5,,,,,,,,9.0,9.0,0,72,,,,,30,,42,49,0.0,11.0,0.0,38.0,,,,,2.0,2.0,1.0,2.0,1,0,0,0,1,0,0,1,0,1,0,2.0,2.0,0.0,0.0,0.0,0.0,0.0,0.0,0.0,0.0
25,1D,2,4,5,D08,3.0,3.0,2,4.0,65,30,110,5,6,4,2,,38,9,,,,,,,,16.0,16.0,0,103,,,,,30,,73,50,0.0,0.0,2.0,50.0,,,,,2.0,2.0,2.0,2.0,0,0,0,0,0,0,0,0,0,0,1,2.0,1.0,0.0,0.0,1.0,0.0,0.0,0.0,0.0,0.0
26,2D,2,4,1,N07,3.0,2.0,3,2.0,80,40,130,15,8,5,3,,15,5,,,,,,,,3.0,3.0,0,95,,,,,40,,55,22,0.0,6.0,0.0,16.0,,,,,2.0,2.0,2.0,2.0,0,0,1,0,0,0,0,0,0,1,0,2.0,2.0,0.0,0.0,0.0,0.0,0.0,0.0,0.0,1.0
26,2D,2,4,2,N07,3.0,3.0,3,2.0,80,40,130,15,8,5,3,,16,3,,,,,,,,4.0,4.0,0,96,,,,,40,,56,24,0.0,11.0,0.0,13.0,,,,,2.0,2.0,2.0,2.0,0,0,0,0,0,0,0,1,0,1,0,2.0,2.0,0.0,0.0,0.0,0.0,0.0,1.0,0.0,0.0
26,2D,2,4,3,N07,3.0,3.0,3,2.0,80,40,130,15,8,5,3,,13,4,,,,,,,,4.0,4.0,0,93,,,,,40,,53,23,0.0,20.0,0.0,3.0,,,,,2.0,2.0,2.0,2.0,0,0,0,0,0,1,0,0,0,1,0,2.0,2.0,0.0,0.0,0.0,0.0,0.0,0.0,0.0,0.0
26,2D,2,4,4,N07,3.0,3.0,3,2.0,80,40,130,15,8,5,3,,3,4,,,,,,,,5.0,5.0,0,83,,,,,40,,43,8,0.0,0.0,0.0,8.0,,,,,2.0,2.0,1.0,2.0,0,0,0,0,0,0,0,0,0,0,0,2.0,2.0,0.0,0.0,0.0,0.0,0.0,0.0,0.0,0.0
26,2D,2,4,5,N07,3.0,3.0,3,2.0,80,40,130,15,8,5,3,,8,5,,,,,,,,10.0,10.0,0,88,,,,,40,,48,15,0.0,0.0,1.0,15.0,,,,,2.0,2.0,2.0,2.0,0,0,0,0,0,0,0,0,0,0,1,2.0,1.0,0.0,0.0,0.0,0.0,1.0,0.0,0.0,0.0
27,3D,2,4,1,D05,3.0,2.0,2,2.0,100,50,170,30,10,6,5,,30,5,,,,,,,,7.0,7.0,0,130,,,,,50,,80,49,0.0,35.0,0.0,14.0,,,,,2.0,2.0,2.0,2.0,0,0,0,0,1,0,0,0,0,1,0,2.0,2.0,1.0,0.0,0.0,0.0,0.0,0.0,0.0,0.0
27,3D,2,4,2,D05,1.0,1.0,2,2.0,100,50,170,30,10,6,5,,14,7,,,,,,,,9.0,9.0,0,114,,,,,50,,64,25,0.0,20.0,0.0,5.0,,,,,2.0,2.0,2.0,2.0,1,0,0,0,0,0,0,0,0,1,0,2.0,2.0,0.0,0.0,0.0,0.0,0.0,1.0,0.0,0.0
27,3D,2,4,3,D05,1.0,1.0,2,2.0,100,50,170,30,10,6,5,,15,9,,,,,,,,9.0,9.0,0,115,,,,,50,,65,37,0.0,20.0,0.0,17.0,,,,,2.0,2.0,2.0,2.0,0,0,0,0,0,1,0,0,0,1,0,2.0,2.0,0.0,0.0,0.0,0.0,0.0,0.0,1.0,0.0
27,3D,2,4,4,D05,1.0,1.0,2,2.0,100,50,170,30,10,6,5,,17,9,,,,,,,,11.0,11.0,0,117,,,,,50,,67,40,0.0,3.0,3.0,37.0,,,,,2.0,2.0,1.0,2.0,0,0,0,0,0,0,1,0,0,1,0,2.0,2.0,0.0,0.0,0.0,0.0,0.0,0.0,0.0,0.0
27,3D,2,4,5,D05,1.0,1.0,2,2.0,100,50,170,30,10,6,5,,7,11,,,,,,,,18.0,18.0,0,107,,,,,50,,57,32,0.0,0.0,3.0,32.0,,,,,2.0,2.0,2.0,2.0,0,0,0,0,0,0,0,0,0,0,1,2.0,1.0,1.0,0.0,0.0,0.0,0.0,0.0,0.0,0.0
28,4D,2,4,1,D04,3.0,3.0,3,4.0,120,65,200,50,13,7,5,,50,5,,,,,,,,5.0,5.0,0,170,,,,,65,,105,70,0.0,20.0,0.0,50.0,,,,,2.0,2.0,2.0,2.0,1,0,0,0,0,0,0,0,0,1,0,2.0,2.0,0.0,0.0,0.0,0.0,1.0,0.0,0.0,0.0
28,4D,2,4,2,D04,3.0,3.0,3,4.0,120,65,200,50,13,7,5,,50,5,,,,,,,,8.0,8.0,0,170,,,,,65,,105,72,0.0,35.0,0.0,37.0,,,,,2.0,2.0,2.0,2.0,0,0,0,0,1,0,0,0,0,1,0,2.0,2.0,0.0,0.0,0.0,0.0,0.0,0.0,0.0,0.0
28,4D,2,4,3,D04,3.0,4.0,3,4.0,120,65,200,50,13,7,5,,37,8,,,,,,,,7.0,7.0,0,157,,,,,65,,92,61,0.0,0.0,0.0,61.0,,,,,1.0,1.0,2.0,2.0,0,0,0,0,0,0,0,0,0,0,0,2.0,2.0,0.0,0.0,0.0,0.0,0.0,0.0,1.0,0.0
28,4D,2,4,4,D04,3.0,3.0,3,4.0,120,65,200,50,13,7,5,,61,7,,,,,,,,6.0,6.0,0,181,,,,,65,,116,86,0.0,3.0,0.0,83.0,,,,,2.0,2.0,1.0,2.0,0,0,0,0,0,0,1,0,0,1,0,1.0,2.0,0.0,0.0,0.0,0.0,0.0,0.0,0.0,0.0
28,4D,2,4,5,D04,3.0,2.0,3,4.0,120,65,200,50,13,7,5,,86,6,,,,,,,,14.0,14.0,0,206,,,,,65,,141,103,0.0,0.0,4.0,103.0,,,,,2.0,2.0,2.0,2.0,0,0,0,0,0,0,0,0,0,0,1,2.0,1.0,0.0,0.0,0.0,0.0,0.0,0.0,1.0,0.0
29,5D,2,4,1,N04,3.0,2.0,3,3.0,80,40,130,15,8,5,6,,0,5,,,,,,,,5.0,5.0,0,80,,,,,40,,40,7,0.0,3.0,0.0,4.0,,,,,2.0,2.0,2.0,2.0,0,0,0,0,0,0,1,0,0,1,0,2.0,2.0,0.0,0.0,0.0,0.0,0.0,0.0,0.0,0.0
29,5D,2,4,2,N04,1.0,2.0,3,3.0,80,40,130,15,8,5,6,,4,5,,,,,,,,4.0,4.0,0,84,,,,,40,,44,12,0.0,0.0,0.0,12.0,,,,,2.0,2.0,2.0,2.0,0,0,0,0,0,0,0,0,0,0,0,2.0,2.0,1.0,0.0,0.0,0.0,0.0,0.0,0.0,0.0
29,5D,2,4,3,N04,1.0,2.0,3,3.0,80,40,130,15,8,5,6,,12,4,,,,,,,,4.0,4.0,0,92,,,,,40,,52,22,0.0,20.0,0.0,2.0,,,,,2.0,2.0,2.0,2.0,1,0,0,0,0,0,0,0,0,1,0,2.0,2.0,0.0,0.0,0.0,0.0,0.0,0.0,0.0,0.0
29,5D,2,4,4,N04,3.0,2.0,3,3.0,80,40,130,15,8,5,6,,2,4,,,,,,,,5.0,5.0,0,82,,,,,40,,42,7,5.0,0.0,0.0,7.0,,,,,2.0,2.0,1.0,2.0,0,0,0,0,0,0,0,0,0,0,0,2.0,2.0,0.0,0.0,0.0,0.0,0.0,0.0,0.0,0.0
29,5D,2,4,5,N04,3.0,2.0,3,3.0,80,40,130,15,8,5,6,,2,5,,,,,,,,11.0,11.0,0,82,,,,,40,,42,8,0.0,0.0,1.0,8.0,,,,,2.0,2.0,2.0,2.0,0,0,0,0,0,0,0,0,0,0,1,2.0,1.0,0.0,0.0,0.0,0.0,0.0,0.0,0.0,1.0
30,6D,2,4,1,U04,,,2,1.0,100,50,170,30,10,6,4,,20,5,,,,,,,,4.0,4.0,0,120,,,,,50,,70,33,0.0,11.0,0.0,22.0,,,,,2.0,2.0,2.0,2.0,0,0,0,0,0,0,0,1,0,1,0,2.0,2.0,1.0,0.0,0.0,0.0,0.0,0.0,0.0,0.0
30,6D,2,4,2,U04,2.0,4.0,2,1.0,100,50,170,30,10,6,4,,22,4,,,,,,,,6.0,6.0,0,122,,,,,50,,72,37,0.0,20.0,0.0,17.0,,,,,2.0,2.0,2.0,2.0,1,0,0,0,0,0,0,0,0,1,0,2.0,2.0,0.0,0.0,0.0,0.0,0.0,0.0,0.0,0.0
30,6D,2,4,3,U04,,,2,1.0,100,50,170,30,10,6,4,,17,6,,,,,,,,6.0,6.0,0,117,,,,,50,,67,33,0.0,0.0,2.0,33.0,,,,,1.0,1.0,2.0,2.0,0,0,0,0,0,0,0,0,0,0,0,2.0,2.0,0.0,0.0,0.0,0.0,0.0,0.0,1.0,0.0
30,6D,2,4,4,U04,3.0,3.0,2,1.0,100,50,170,30,10,6,4,,13,6,,,,,,,,6.0,6.0,1,113,,,,,50,,63,27,0.0,3.0,1.0,24.0,,,,,1.0,2.0,1.0,2.0,0,0,0,0,0,0,1,0,0,1,0,1.0,2.0,0.0,0.0,0.0,0.0,0.0,0.0,1.0,0.0
30,6D,2,4,5,U04,2.0,3.0,2,1.0,100,50,170,30,10,6,4,,14,6,,,,,,,,12.0,12.0,0,114,,,,,50,,64,33,0.0,3.0,2.0,30.0,,,,,2.0,2.0,2.0,2.0,0,0,0,0,0,0,1,0,0,1,1,1.0,1.0,0.0,0.0,0.0,0.0,1.0,0.0,0.0,0.0
31,7D,2,4,1,D01,1.0,,1,3.0,180,105,300,80,21,8,8,,80,5,,,,,,,,8.0,8.0,0,260,,,,,105,,155,110,0.0,35.0,0.0,75.0,,,,,2.0,2.0,2.0,2.0,0,0,0,0,1,0,0,0,0,1,0,2.0,2.0,0.0,0.0,0.0,0.0,0.0,0.0,0.0,0.0
31,7D,2,4,2,D01,1.0,1.0,1,3.0,180,105,300,80,21,8,8,,75,8,,,,,,,,10.0,10.0,0,255,,,,,105,,150,108,0.0,0.0,2.0,108.0,,,,,2.0,2.0,2.0,2.0,0,0,0,0,0,0,0,0,0,0,0,2.0,2.0,0.0,0.0,0.0,0.0,0.0,0.0,0.0,0.0
31,7D,2,4,3,D01,,,1,3.0,180,105,300,80,21,8,8,,66,10,,,,,,,,11.0,11.0,0,246,,,,,105,,141,102,0.0,0.0,2.0,102.0,,,,,2.0,2.0,2.0,2.0,0,0,0,0,0,0,0,0,0,0,0,2.0,2.0,0.0,0.0,0.0,0.0,0.0,0.0,0.0,0.0
31,7D,2,4,4,D01,1.0,1.0,1,3.0,180,105,300,80,21,8,8,,60,11,,,,,,,,12.0,12.0,0,240,,,,,105,,135,98,0.0,0.0,2.0,98.0,,,,,2.0,2.0,1.0,2.0,0,0,0,0,0,0,0,0,0,0,0,2.0,2.0,1.0,0.0,0.0,0.0,0.0,0.0,0.0,0.0
31,7D,2,4,5,D01,1.0,1.0,1,3.0,180,105,300,80,21,8,8,,56,12,,,,,,,,19.0,19.0,0,236,,,,,105,,131,96,0.0,20.0,3.0,76.0,,,,,2.0,2.0,2.0,2.0,1,0,0,0,0,0,0,0,0,1,1,2.0,1.0,0.0,0.0,0.0,0.0,0.0,0.0,1.0,0.0
32,8D,2,4,1,U10,4.0,5.0,2,1.0,50,20,80,0,4,3,2,,0,5,,,,,,,,2.0,2.0,0,50,,,,,20,,30,3,0.0,3.0,0.0,0.0,,,,,2.0,2.0,2.0,2.0,0,0,0,0,0,0,1,0,0,1,0,2.0,2.0,0.0,0.0,0.0,0.0,0.0,0.0,0.0,0.0
32,8D,2,4,2,U10,5.0,5.0,2,1.0,50,20,80,0,4,3,2,,0,2,,,,,,,,2.0,2.0,0,50,,,,,20,,30,4,0.0,0.0,0.0,4.0,,,,,2.0,2.0,2.0,2.0,0,0,0,0,0,0,0,0,0,0,0,2.0,2.0,0.0,0.0,0.0,0.0,0.0,0.0,0.0,0.0
32,8D,2,4,3,U10,5.0,5.0,2,1.0,50,20,80,0,4,3,2,,4,2,,,,,,,,1.0,1.0,0,54,,,,,20,,34,9,0.0,0.0,0.0,9.0,,,,,1.0,2.0,2.0,2.0,0,0,0,0,0,0,0,0,0,0,0,2.0,2.0,0.0,0.0,0.0,0.0,0.0,0.0,1.0,0.0
32,8D,2,4,4,U10,5.0,5.0,2,1.0,50,20,80,0,4,3,2,,9,1,,,,,,,,0.0,0.0,0,59,,,,,20,,39,14,0.0,3.0,0.0,11.0,,,,,1.0,2.0,1.0,1.0,0,0,0,0,0,0,1,0,0,1,0,1.0,2.0,0.0,0.0,0.0,0.0,0.0,0.0,1.0,1.0
32,8D,2,4,5,U10,4.0,4.0,2,1.0,50,20,80,0,4,3,2,,11,0,,,,,,,,6.0,6.0,1,61,,,,,20,,41,15,0.0,14.0,0.0,1.0,,,,,2.0,2.0,2.0,2.0,0,0,0,0,0,0,1,1,0,1,1,1.0,1.0,0.0,0.0,0.0,0.0,0.0,0.0,1.0,0.0
33,1E,2,5,1,U10,4.0,3.0,3,4.0,50,20,80,0,4,3,2,,0,5,,,,,,,,4.0,4.0,0,50,,,,,20,,30,3,0.0,3.0,0.0,0.0,,,,,2.0,2.0,2.0,2.0,0,0,0,0,0,0,1,0,0,1,0,2.0,2.0,0.0,0.0,0.0,0.0,0.0,0.0,0.0,0.0
33,1E,2,5,2,U10,3.0,3.0,3,4.0,50,20,80,0,4,3,2,,0,4,,,,,,,,4.0,4.0,0,50,,,,,20,,30,3,0.0,0.0,0.0,3.0,,,,,2.0,2.0,2.0,2.0,0,0,0,0,0,0,0,0,0,0,0,2.0,2.0,0.0,0.0,1.0,0.0,0.0,0.0,0.0,0.0
33,1E,2,5,3,U10,3.0,3.0,3,4.0,50,20,80,0,4,3,2,,3,4,,,,,,,,4.0,4.0,0,53,,,,,20,,33,6,0.0,6.0,0.0,0.0,,,,,2.0,2.0,2.0,2.0,0,0,1,0,0,0,0,0,0,1,0,2.0,2.0,1.0,0.0,0.0,0.0,1.0,0.0,0.0,0.0
33,1E,2,5,4,D08,3.0,3.0,3,4.0,50,20,80,0,4,3,2,,0,4,,,,,,,,8.0,8.0,0,50,,,,,20,,30,1,0.0,0.0,0.0,1.0,,,,,2.0,2.0,1.0,2.0,1,0,0,0,1,0,0,0,0,1,0,2.0,2.0,0.0,0.0,0.0,0.0,0.0,0.0,0.0,0.0
33,1E,2,5,5,D08,3.0,3.0,3,4.0,50,20,80,0,4,3,2,,1,8,,,,,,,,15.0,15.0,0,51,,,,,20,,31,11,0.0,0.0,2.0,11.0,,,,,2.0,2.0,2.0,2.0,0,0,0,0,0,0,0,0,0,0,1,2.0,1.0,0.0,0.0,0.0,0.0,0.0,0.0,0.0,0.0
34,3E,2,5,1,D10,2.0,2.0,1,4.0,80,40,130,15,8,5,2,,0,5,,,,,,,,1.0,1.0,0,80,,,,,40,,40,12,0.0,0.0,0.0,12.0,,,,,2.0,2.0,2.0,2.0,0,0,0,0,0,0,0,0,0,0,0,2.0,2.0,0.0,0.0,0.0,0.0,0.0,0.0,0.0,0.0
34,3E,2,5,2,D10,2.0,2.0,1,4.0,80,40,130,15,8,5,2,,12,1,,,,,,,,1.0,1.0,0,92,,,,,40,,52,24,15.0,0.0,1.0,24.0,,,,,2.0,2.0,2.0,2.0,0,0,0,0,0,0,0,0,0,0,0,2.0,2.0,0.0,0.0,0.0,0.0,0.0,0.0,0.0,0.0
34,3E,2,5,3,D10,3.0,3.0,1,4.0,80,40,130,15,8,5,2,,1,1,,,,,,,,2.0,2.0,0,81,,,,,40,,41,13,0.0,0.0,1.0,13.0,,,,,2.0,2.0,2.0,2.0,0,0,0,0,0,0,0,0,0,0,0,2.0,2.0,0.0,0.0,0.0,0.0,0.0,0.0,0.0,1.0
34,3E,2,5,4,D10,3.0,3.0,1,4.0,80,40,130,15,8,5,2,,5,2,,,,,,,,3.0,3.0,0,85,,,,,40,,45,17,0.0,11.0,0.0,6.0,,,,,2.0,2.0,1.0,2.0,0,0,0,0,0,0,0,1,0,1,0,2.0,2.0,0.0,0.0,0.0,0.0,0.0,0.0,0.0,0.0
34,3E,2,5,5,D10,3.0,3.0,1,4.0,80,40,130,15,8,5,2,,6,3,,,,,,,,12.0,12.0,0,86,,,,,40,,46,17,0.0,0.0,2.0,17.0,,,,,2.0,2.0,2.0,2.0,0,0,0,0,0,0,0,0,0,0,1,2.0,1.0,0.0,0.0,0.0,0.0,0.0,0.0,0.0,0.0
35,4E,2,5,1,N07,1.0,2.0,2,2.0,65,30,110,5,6,4,3,,5,5,,,,,,,,4.0,4.0,0,70,,,,,30,,40,10,0.0,0.0,0.0,10.0,,,,,2.0,2.0,2.0,2.0,0,0,0,0,0,0,0,0,0,0,0,2.0,2.0,1.0,0.0,0.0,0.0,0.0,0.0,0.0,0.0
35,4E,2,5,2,N07,2.0,3.0,2,2.0,65,30,110,5,6,4,3,,10,4,,,,,,,,6.0,6.0,0,75,,,,,30,,45,25,0.0,20.0,0.0,5.0,,,,,2.0,2.0,2.0,2.0,1,0,0,0,0,0,0,0,0,1,0,2.0,2.0,0.0,0.0,0.0,0.0,0.0,0.0,0.0,1.0
35,4E,2,5,3,N07,1.0,2.0,2,2.0,65,30,110,5,6,4,3,,5,6,,,,,,,,7.0,7.0,0,70,,,,,30,,40,15,0.0,11.0,0.0,4.0,,,,,2.0,2.0,2.0,2.0,0,0,0,0,0,0,0,1,0,1,0,2.0,2.0,0.0,0.0,0.0,0.0,0.0,0.0,0.0,0.0
35,4E,2,5,4,N07,2.0,1.0,2,2.0,65,30,110,5,6,4,3,,4,7,,,,,,,,8.0,8.0,0,69,,,,,30,,39,9,0.0,0.0,1.0,9.0,,,,,2.0,2.0,1.0,2.0,0,0,0,0,0,0,0,0,0,0,0,2.0,2.0,0.0,0.0,0.0,0.0,0.0,0.0,0.0,0.0
35,4E,2,5,5,N07,1.0,1.0,2,2.0,65,30,110,5,6,4,3,,3,8,,,,,,,,16.0,16.0,0,68,,,,,30,,38,8,0.0,0.0,1.0,8.0,,,,,2.0,2.0,2.0,2.0,0,0,0,0,0,0,0,0,0,0,1,2.0,1.0,0.0,0.0,0.0,0.0,0.0,0.0,0.0,0.0
36,5E,2,5,1,U04,3.0,5.0,1,2.0,80,40,130,15,8,5,4,,0,5,,,,,,,,4.0,4.0,0,80,,,,,40,,40,7,3.0,0.0,0.0,7.0,,,,,2.0,2.0,2.0,2.0,0,0,0,0,0,0,0,0,0,0,0,2.0,2.0,0.0,0.0,0.0,0.0,0.0,0.0,0.0,0.0
36,5E,2,5,2,N05,1.0,3.0,1,2.0,80,40,130,15,8,5,6,,5,4,,,,,,,,5.0,5.0,0,85,,,,,40,,45,0,0.0,0.0,0.0,0.0,,,,,2.0,2.0,2.0,2.0,0,0,0,0,0,0,0,0,0,0,0,2.0,2.0,0.0,0.0,0.0,0.0,0.0,0.0,0.0,0.0
36,5E,2,5,3,N05,1.0,3.0,1,2.0,80,40,130,15,8,5,6,,0,5,,,,,,,,4.0,4.0,0,80,,,,,40,,40,12,0.0,0.0,0.0,12.0,,,,,2.0,2.0,2.0,2.0,0,0,0,0,0,0,0,0,0,0,0,2.0,2.0,0.0,0.0,0.0,0.0,0.0,0.0,0.0,0.0
36,5E,2,5,4,N05,1.0,3.0,1,2.0,80,40,130,15,8,5,6,,12,4,,,,,,,,3.0,3.0,0,92,,,,,40,,52,19,0.0,0.0,0.0,19.0,,,,,2.0,2.0,1.0,2.0,0,0,0,0,0,0,0,0,0,0,0,2.0,2.0,0.0,0.0,0.0,0.0,0.0,0.0,0.0,0.0
36,5E,2,5,5,N05,1.0,3.0,1,2.0,80,40,130,15,8,5,6,,19,3,,,,,,,,10.0,10.0,0,99,,,,,40,,59,26,0.0,0.0,3.0,26.0,,,,,2.0,2.0,2.0,2.0,0,0,0,0,0,0,0,0,0,0,1,2.0,1.0,0.0,0.0,0.0,0.0,0.0,0.0,0.0,1.0
37,6E,2,5,1,N04,3.0,2.0,1,2.0,100,50,170,30,10,6,6,,30,5,,,,,,,,7.0,7.0,0,130,,,,,50,,80,43,0.0,11.0,0.0,32.0,,,,,2.0,2.0,2.0,2.0,0,0,0,0,0,0,0,1,0,1,0,2.0,2.0,0.0,0.0,0.0,0.0,0.0,0.0,0.0,0.0
37,6E,2,5,2,N04,3.0,3.0,1,2.0,100,50,170,30,10,6,6,,32,7,,,,,,,,8.0,8.0,0,132,,,,,50,,82,45,0.0,0.0,1.0,45.0,,,,,2.0,2.0,2.0,2.0,0,0,0,0,0,0,0,0,0,0,0,2.0,2.0,0.0,0.0,0.0,0.0,0.0,0.0,0.0,0.0
37,6E,2,5,3,N04,3.0,3.0,1,2.0,100,50,170,30,10,6,6,,35,8,,,,,,,,9.0,9.0,0,135,,,,,50,,85,53,0.0,0.0,1.0,53.0,,,,,2.0,2.0,2.0,2.0,0,0,0,0,0,0,0,0,0,0,0,2.0,2.0,0.0,0.0,0.0,0.0,1.0,0.0,0.0,0.0
37,6E,2,5,4,N04,3.0,2.0,1,2.0,100,50,170,30,10,6,6,,43,9,,,,,,,,12.0,12.0,0,143,,,,,50,,93,56,0.0,35.0,0.0,21.0,,,,,2.0,2.0,1.0,2.0,0,0,0,0,1,0,0,0,0,1,0,2.0,2.0,0.0,0.0,0.0,0.0,0.0,0.0,0.0,0.0
37,6E,2,5,5,N04,3.0,2.0,1,2.0,100,50,170,30,10,6,6,,21,12,,,,,,,,19.0,19.0,0,121,,,,,50,,71,34,0.0,0.0,1.0,34.0,,,,,2.0,2.0,2.0,2.0,0,0,0,0,0,0,0,0,0,0,1,2.0,1.0,0.0,0.0,1.0,0.0,0.0,0.0,0.0,0.0
38,7E,2,5,1,D05,1.0,1.0,1,1.0,80,40,130,15,8,5,5,,0,5,,,,,,,,4.0,4.0,0,80,,,,,40,,40,12,0.0,6.0,0.0,6.0,,,,,2.0,2.0,2.0,2.0,0,0,1,0,0,0,0,0,0,1,0,2.0,2.0,0.0,0.0,0.0,0.0,0.0,0.0,0.0,0.0
38,7E,2,5,2,D05,1.0,1.0,1,1.0,80,40,130,15,8,5,5,,6,4,,,,,,,,3.0,3.0,0,86,,,,,40,,46,23,0.0,0.0,0.0,23.0,,,,,2.0,2.0,2.0,2.0,0,0,0,0,0,0,0,0,0,0,0,2.0,2.0,0.0,0.0,0.0,0.0,0.0,0.0,0.0,0.0
38,7E,2,5,3,D05,1.0,1.0,1,1.0,80,40,130,15,8,5,5,,28,3,,,,,,,,3.0,3.0,0,108,,,,,40,,68,40,15.0,0.0,0.0,40.0,,,,,2.0,2.0,2.0,2.0,0,0,0,0,0,0,0,0,0,0,0,2.0,2.0,0.0,0.0,0.0,0.0,0.0,0.0,0.0,0.0
38,7E,2,5,4,D05,1.0,1.0,1,1.0,80,40,130,15,8,5,5,,25,3,,,,,,,,3.0,3.0,0,105,,,,,40,,65,68,0.0,0.0,0.0,68.0,,,,,2.0,2.0,1.0,2.0,0,0,0,0,0,0,0,0,0,0,0,2.0,2.0,0.0,0.0,0.0,0.0,0.0,0.0,0.0,0.0
38,7E,2,5,5,D05,1.0,1.0,1,1.0,80,40,130,15,8,5,5,,37,3,,,,,,,,10.0,10.0,0,117,,,,,40,,77,80,0.0,0.0,0.0,80.0,,,,,2.0,2.0,2.0,2.0,0,0,0,0,0,0,0,0,0,0,1,2.0,1.0,0.0,0.0,0.0,0.0,0.0,0.0,1.0,0.0
39,8E,2,5,1,D04,3.0,3.0,1,1.0,100,50,170,30,10,6,5,,30,5,,,,,,,,4.0,4.0,0,130,,,,,50,,80,49,0.0,3.0,0.0,46.0,,,,,2.0,2.0,2.0,2.0,0,0,0,0,0,0,1,0,0,1,0,2.0,2.0,0.0,0.0,0.0,0.0,0.0,0.0,0.0,0.0
39,8E,2,5,2,D04,3.0,3.0,1,1.0,100,50,170,30,10,6,5,,46,4,,,,,,,,4.0,4.0,0,146,,,,,50,,96,65,0.0,0.0,0.0,65.0,,,,,2.0,2.0,2.0,2.0,0,0,0,0,0,0,0,0,0,0,0,2.0,2.0,0.0,0.0,0.0,1.0,0.0,0.0,0.0,0.0
39,8E,2,5,3,D04,3.0,3.0,1,1.0,100,50,170,30,10,6,5,,65,4,,,,,,,,4.0,4.0,0,165,,,,,50,,115,84,0.0,8.0,0.0,76.0,,,,,2.0,2.0,2.0,2.0,0,0,0,1,0,0,0,0,0,1,0,2.0,2.0,0.0,0.0,0.0,0.0,0.0,0.0,0.0,0.0
39,8E,2,5,4,D04,3.0,3.0,1,1.0,100,50,170,30,10,6,5,,76,4,,,,,,,,3.0,3.0,0,176,,,,,50,,126,95,0.0,0.0,0.0,95.0,,,,,2.0,2.0,1.0,1.0,0,0,0,0,0,0,0,0,0,0,0,2.0,2.0,0.0,0.0,0.0,0.0,0.0,0.0,0.0,0.0
39,8E,2,5,5,D04,3.0,3.0,1,1.0,100,50,170,30,10,6,5,,95,3,,,,,,,,10.0,10.0,1,195,,,,,50,,145,110,0.0,0.0,0.0,110.0,,,,,2.0,2.0,2.0,2.0,0,0,0,0,0,0,0,0,0,0,1,2.0,1.0,0.0,1.0,0.0,0.0,0.0,0.0,0.0,0.0
40,1F,1,6,1,U04,3.0,4.0,1,4.0,80,40,130,15,8,5,4,,15,5,,,,,,,,3.0,3.0,0,95,,,,,40,,55,23,0.0,12.0,0.0,11.0,,,,,1.0,1.0,2.0,2.0,0,1,0,0,0,0,0,0,0,1,0,2.0,2.0,0.0,0.0,1.0,1.0,0.0,0.0,0.0,0.0
40,1F,1,6,2,U04,2.0,3.0,1,4.0,80,40,130,15,8,5,4,,11,3,,,,,,,,1.0,1.0,0,91,,,,,40,,51,18,0.0,14.0,0.0,4.0,,,,,1.0,1.0,2.0,2.0,0,0,1,1,0,0,0,0,0,1,0,1.0,2.0,0.0,0.0,0.0,0.0,0.0,0.0,1.0,0.0
40,1F,1,6,3,U04,4.0,4.0,1,4.0,80,40,130,15,8,5,4,,4,1,,,,,,,,0.0,0.0,1,84,,,,,40,,44,8,0.0,3.0,0.0,5.0,,,,,1.0,1.0,2.0,2.0,0,0,0,0,0,0,1,0,0,1,0,1.0,2.0,0.0,0.0,0.0,0.0,0.0,0.0,0.0,0.0
40,1F,1,6,4,U04,4.0,4.0,1,4.0,80,40,130,15,8,5,4,,5,0,,,,,,,,0.0,0.0,1,85,,,,,40,,45,8,0.0,0.0,1.0,8.0,,,,,1.0,1.0,2.0,2.0,0,0,0,0,0,0,0,0,0,0,0,1.0,2.0,0.0,0.0,0.0,0.0,1.0,1.0,1.0,0.0
40,1F,1,6,5,N06,2.0,1.0,1,4.0,80,40,130,15,8,5,3,,0,0,,,,,,,,6.0,6.0,1,80,,,,,40,,40,56,0.0,55.0,0.0,1.0,,,,,1.0,2.0,1.0,2.0,0,0,0,0,1,1,1,0,0,1,1,1.0,2.0,0.0,0.0,0.0,0.0,0.0,0.0,0.0,0.0
41,2F,1,6,1,U10,1.0,1.0,1,2.0,50,20,80,0,4,3,2,,0,5,,,,,,,,2.0,2.0,0,50,,,,,20,,30,3,0.0,0.0,0.0,3.0,,,,,1.0,1.0,2.0,2.0,0,0,0,0,0,0,0,0,0,0,0,1.0,1.0,0.0,0.0,0.0,0.0,0.0,0.0,0.0,0.0
41,2F,1,6,2,N05,1.0,1.0,1,2.0,50,20,80,0,4,3,6,,3,2,,,,,,,,5.0,5.0,1,53,,,,,20,,33,0,0.0,0.0,0.0,0.0,,,,,2.0,2.0,2.0,2.0,0,0,0,0,0,0,0,0,0,0,0,1.0,2.0,0.0,0.0,0.0,0.0,0.0,0.0,0.0,0.0
41,2F,1,6,3,N05,1.0,1.0,1,2.0,50,20,80,0,4,3,6,,0,5,,,,,,,,2.0,2.0,0,50,,,,,20,,30,2,0.0,0.0,0.0,2.0,,,,,1.0,1.0,2.0,2.0,0,0,0,0,0,0,0,0,0,0,0,2.0,2.0,0.0,0.0,0.0,0.0,0.0,0.0,0.0,0.0
41,2F,1,6,4,N05,1.0,1.0,1,2.0,50,20,80,0,4,3,6,,2,2,,,,,,,,1.0,1.0,1,52,,,,,20,,32,0,0.0,0.0,0.0,0.0,,,,,2.0,2.0,2.0,2.0,0,0,0,0,0,0,0,0,0,0,0,1.0,2.0,0.0,0.0,0.0,0.0,0.0,0.0,0.0,0.0
41,2F,1,6,5,N05,,,1,2.0,50,20,80,0,4,3,6,,0,1,,,,,,,,1.0,1.0,0,50,,,,,20,,30,0,0.0,0.0,0.0,0.0,,,,,1.0,1.0,1.0,1.0,0,0,0,0,0,0,0,0,0,0,1,2.0,2.0,1.0,0.0,0.0,0.0,0.0,0.0,0.0,0.0
42,3F,1,6,1,D01,2.0,2.0,1,1.0,180,105,300,80,21,8,8,,80,5,,,,,,,,8.0,8.0,0,260,,,,,105,,155,110,0.0,20.0,1.0,90.0,,,,,2.0,2.0,2.0,2.0,1,0,0,0,0,0,0,0,0,1,0,1.0,1.0,0.0,0.0,0.0,1.0,0.0,0.0,0.0,0.0
42,3F,1,6,2,D01,2.0,2.0,1,1.0,180,105,300,80,21,8,8,,69,8,,,,,,,,9.0,9.0,0,249,,,,,105,,144,99,0.0,8.0,1.0,91.0,,,,,2.0,2.0,2.0,2.0,0,0,0,1,0,0,0,0,0,1,0,2.0,2.0,0.0,0.0,0.0,0.0,0.0,0.0,0.0,0.0
42,3F,1,6,3,D01,3.0,4.0,1,1.0,180,105,300,80,21,8,8,,70,9,,,,,,,,8.0,8.0,0,250,,,,,105,,145,100,0.0,0.0,0.0,100.0,,,,,1.0,2.0,2.0,2.0,0,0,0,0,0,0,0,0,0,0,0,2.0,2.0,0.0,0.0,0.0,0.0,0.0,0.0,0.0,0.0
42,3F,1,6,4,D01,3.0,4.0,1,1.0,180,105,300,80,21,8,8,,100,8,,,,,,,,8.0,8.0,0,280,,,,,105,,175,130,0.0,0.0,0.0,130.0,,,,,2.0,2.0,2.0,2.0,0,0,0,0,0,0,0,0,0,0,0,1.0,2.0,0.0,0.0,0.0,0.0,0.0,0.0,0.0,0.0
42,3F,1,6,5,D01,3.0,4.0,1,1.0,180,105,300,80,21,8,8,,130,8,,,,,,,,19.0,19.0,0,310,,,,,105,,205,160,0.0,0.0,7.0,160.0,,,,,1.0,1.0,1.0,2.0,0,0,0,0,0,0,0,0,0,0,1,2.0,2.0,0.0,0.0,1.0,0.0,0.0,0.0,0.0,0.0
43,4F,1,6,1,D04,3.0,2.0,1,1.0,80,40,130,15,8,5,5,,0,5,,,,,,,,4.0,4.0,0,80,,,,,40,,40,12,5.0,6.0,0.0,6.0,,,,,2.0,2.0,2.0,2.0,0,0,1,0,0,0,0,0,0,1,0,1.0,1.0,1.0,0.0,0.0,0.0,0.0,0.0,0.0,0.0
43,4F,1,6,2,D09,2.0,2.0,1,1.0,80,40,130,15,8,5,2,,1,4,,,,,,,,3.0,3.0,0,81,,,,,40,,41,56,10.0,20.0,2.0,36.0,,,,,2.0,2.0,2.0,2.0,1,0,0,0,0,0,0,0,0,1,0,2.0,2.0,0.0,0.0,0.0,1.0,0.0,0.0,0.0,0.0
43,4F,1,6,3,D09,2.0,2.0,1,1.0,80,40,130,15,8,5,2,,10,3,,,,,,,,2.0,2.0,0,90,,,,,40,,50,29,0.0,8.0,0.0,21.0,,,,,1.0,2.0,2.0,2.0,0,0,0,1,0,0,0,0,0,1,0,2.0,2.0,0.0,0.0,0.0,0.0,0.0,0.0,0.0,0.0
43,4F,1,6,4,D09,1.0,2.0,1,1.0,80,40,130,15,8,5,2,,21,3,,,,,,,,4.0,4.0,0,101,,,,,40,,61,40,0.0,0.0,2.0,40.0,,,,,2.0,2.0,2.0,2.0,0,0,0,0,0,0,0,0,0,0,0,1.0,2.0,0.0,0.0,0.0,0.0,0.0,0.0,0.0,0.0
43,4F,1,6,5,D09,2.0,2.0,1,1.0,80,40,130,15,8,5,2,,24,4,,,,,,,,12.0,12.0,0,104,,,,,40,,64,43,0.0,0.0,5.0,43.0,,,,,1.0,1.0,1.0,2.0,0,0,0,0,0,0,0,0,0,0,1,2.0,2.0,0.0,0.0,1.0,0.0,0.0,0.0,0.0,0.0
44,5F,1,6,1,N07,1.0,2.0,1,2.0,65,30,110,5,6,4,3,,5,5,,,,,,,,4.0,4.0,0,70,,,,,30,,40,10,0.0,6.0,0.0,4.0,,,,,2.0,2.0,2.0,2.0,0,0,1,0,0,0,0,0,0,1,0,1.0,1.0,0.0,0.0,0.0,0.0,0.0,0.0,0.0,0.0
44,5F,1,6,2,N07,1.0,2.0,1,2.0,65,30,110,5,6,4,3,,4,4,,,,,,,,4.0,4.0,0,69,,,,,30,,39,9,0.0,0.0,0.0,9.0,,,,,2.0,2.0,2.0,2.0,0,0,0,0,0,0,0,0,0,0,0,2.0,2.0,0.0,0.0,0.0,1.0,0.0,0.0,0.0,0.0
44,5F,1,6,3,N07,1.0,2.0,1,2.0,65,30,110,5,6,4,3,,9,4,,,,,,,,3.0,3.0,0,74,,,,,30,,44,9,0.0,8.0,0.0,1.0,,,,,1.0,2.0,2.0,2.0,0,0,0,1,0,0,0,0,0,1,0,2.0,2.0,0.0,0.0,0.0,0.0,0.0,0.0,0.0,0.0
44,5F,1,6,4,N07,1.0,2.0,1,2.0,65,30,110,5,6,4,3,,1,3,,,,,,,,3.0,3.0,0,66,,,,,30,,36,1,0.0,0.0,0.0,1.0,,,,,2.0,2.0,2.0,2.0,0,0,0,0,0,0,0,0,0,0,0,1.0,2.0,0.0,0.0,0.0,0.0,0.0,0.0,0.0,0.0
44,5F,1,6,5,N07,1.0,2.0,1,2.0,65,30,110,5,6,4,3,,1,3,,,,,,,,8.0,8.0,0,66,,,,,30,,36,1,0.0,0.0,0.0,1.0,,,,,1.0,1.0,1.0,2.0,0,0,0,0,0,0,0,0,0,0,1,2.0,2.0,1.0,0.0,0.0,0.0,0.0,1.0,0.0,0.0
45,7F,1,6,1,D05,4.0,1.0,1,1.0,100,50,170,30,10,6,5,,30,5,,,,,,,,6.0,6.0,0,130,,,,,50,,80,50,0.0,23.0,0.0,27.0,,,,,2.0,2.0,1.0,2.0,1,0,0,0,0,0,1,0,0,1,0,1.0,1.0,0.0,1.0,0.0,1.0,0.0,0.0,0.0,0.0
45,7F,1,6,2,D05,2.0,2.0,1,1.0,100,50,170,30,10,6,5,,27,6,,,,,,,,6.0,6.0,0,127,,,,,50,,77,46,0.0,20.0,0.0,26.0,,,,,2.0,2.0,2.0,2.0,0,1,0,1,0,0,0,0,0,1,0,2.0,1.0,0.0,0.0,0.0,0.0,0.0,0.0,0.0,0.0
45,7F,1,6,3,D05,2.0,2.0,1,1.0,100,50,170,30,10,6,5,,26,6,,,,,,,,7.0,7.0,0,126,,,,,50,,76,45,0.0,0.0,2.0,45.0,,,,,1.0,2.0,2.0,2.0,0,0,0,0,0,0,0,0,0,0,0,2.0,2.0,0.0,0.0,0.0,0.0,0.0,0.0,0.0,0.0
45,7F,1,6,4,D05,1.0,2.0,1,1.0,100,50,170,30,10,6,5,,25,7,,,,,,,,9.0,9.0,0,125,,,,,50,,75,39,0.0,0.0,2.0,39.0,,,,,2.0,2.0,2.0,2.0,0,0,0,0,0,0,0,0,0,0,0,1.0,2.0,0.0,0.0,0.0,0.0,0.0,0.0,0.0,0.0
45,7F,1,6,5,D05,,,1,1.0,100,50,170,30,10,6,5,,19,9,,,,,,,,15.0,15.0,0,119,,,,,50,,69,38,0.0,0.0,3.0,38.0,,,,,1.0,2.0,1.0,2.0,0,0,0,0,0,0,0,0,0,0,1,2.0,2.0,0.0,0.0,0.0,0.0,0.0,0.0,1.0,0.0
46,1G,1,7,1,U01,4.0,5.0,1,2.0,120,65,200,50,13,7,6,,35,5,,,,,,,,4.0,4.0,0,155,,15.0,20.0,0.0,100,,55,55,0.0,3.0,0.0,52.0,,,,,2.0,2.0,2.0,2.0,0,0,0,0,0,0,1,0,0,1,0,1.0,1.0,0.0,0.0,0.0,0.0,0.0,0.0,0.0,1.0
46,1G,1,7,2,D02,1.0,1.0,1,2.0,120,65,200,50,13,7,8,,52,4,,,,,,,,6.0,6.0,0,172,,,,,65,,107,22,0.0,11.0,0.0,11.0,,,,,2.0,2.0,1.0,2.0,0,0,0,0,0,0,0,1,0,1,0,2.0,2.0,1.0,0.0,0.0,0.0,0.0,0.0,0.0,0.0
46,1G,1,7,3,D02,2.0,3.0,1,2.0,120,65,200,50,13,7,8,,11,6,,,,,,,,8.0,8.0,0,131,,,,,65,,66,21,0.0,20.0,0.0,1.0,,,,,2.0,2.0,2.0,2.0,1,0,0,0,0,0,0,0,0,1,0,2.0,1.0,0.0,0.0,0.0,1.0,0.0,0.0,1.0,0.0
46,1G,1,7,4,D02,2.0,3.0,1,2.0,120,65,200,50,13,7,8,,1,8,,,,,,,,8.0,8.0,0,121,,,,,65,,56,11,0.0,11.0,0.0,0.0,,,,,2.0,2.0,1.0,2.0,0,0,0,1,0,0,1,0,0,1,0,2.0,2.0,0.0,0.0,0.0,0.0,0.0,0.0,0.0,0.0
46,1G,1,7,5,D02,2.0,3.0,1,2.0,120,65,200,50,13,7,8,,0,8,,,,,,,,10.0,10.0,0,120,,,,,65,,55,10,0.0,0.0,0.0,10.0,,,,,2.0,2.0,1.0,2.0,0,0,0,0,0,0,0,0,0,0,1,2.0,1.0,0.0,0.0,0.0,0.0,1.0,0.0,0.0,0.0
47,2G,1,7,1,D04,1.0,2.0,1,3.0,100,50,170,30,10,6,5,,30,5,,,,,,,,8.0,8.0,0,130,,,,,50,,80,49,0.0,35.0,1.0,14.0,,,,,2.0,2.0,2.0,2.0,0,0,0,0,1,0,0,0,0,1,0,2.0,1.0,0.0,0.0,0.0,0.0,0.0,0.0,0.0,0.0
47,2G,1,7,2,D04,1.0,2.0,1,3.0,100,50,170,30,10,6,5,,4,8,,,,,,,,10.0,10.0,0,104,,,,,50,,54,23,0.0,0.0,2.0,23.0,,,,,2.0,2.0,1.0,2.0,0,0,0,0,0,0,0,0,0,0,0,2.0,2.0,0.0,0.0,0.0,0.0,0.0,0.0,0.0,0.0
47,2G,1,7,3,D04,1.0,2.0,1,3.0,100,50,170,30,10,6,5,,3,10,,,,,,,,10.0,10.0,0,103,,,,,50,,53,12,0.0,0.0,0.0,12.0,,,,,2.0,2.0,2.0,2.0,0,0,0,0,0,0,0,0,0,0,0,2.0,1.0,0.0,0.0,0.0,0.0,0.0,0.0,0.0,0.0
47,2G,1,7,4,D04,1.0,2.0,1,3.0,100,50,170,30,10,6,5,,12,10,,,,,,,,12.0,12.0,0,112,,,,,50,,62,23,0.0,0.0,2.0,23.0,,,,,2.0,2.0,1.0,2.0,0,0,0,0,0,0,0,0,0,0,0,2.0,2.0,0.0,0.0,0.0,0.0,0.0,0.0,0.0,0.0
47,2G,1,7,5,D04,1.0,2.0,1,3.0,100,50,170,30,10,6,5,,3,12,,,,,,,,17.0,17.0,0,103,,,,,50,,53,12,0.0,0.0,1.0,12.0,,,,,2.0,2.0,1.0,2.0,0,0,0,0,0,0,0,0,0,0,1,2.0,1.0,0.0,0.0,0.0,0.0,0.0,0.0,0.0,0.0
48,3G,1,7,1,D05,1.0,2.0,3,1.0,80,40,130,15,8,5,5,,0,5,,,,,,,,4.0,4.0,0,80,,,,,40,,40,12,12.0,0.0,0.0,12.0,,,,,2.0,2.0,2.0,2.0,0,0,0,0,0,0,0,0,0,0,0,2.0,1.0,0.0,0.0,0.0,0.0,0.0,0.0,0.0,0.0
48,3G,1,7,2,D05,1.0,2.0,3,1.0,80,40,130,15,8,5,5,,0,4,,,,,,,,2.0,2.0,0,80,,,,,40,,40,12,3.0,0.0,0.0,12.0,,,,,2.0,2.0,1.0,1.0,0,0,0,0,0,0,0,0,0,0,0,2.0,2.0,0.0,1.0,0.0,0.0,0.0,0.0,0.0,0.0
48,3G,1,7,3,D05,1.0,2.0,3,1.0,80,40,130,15,8,5,5,,9,2,,,,,,,,3.0,3.0,1,89,,,,,40,,49,16,0.0,12.0,0.0,4.0,,,,,2.0,2.0,2.0,2.0,0,1,0,0,0,0,0,0,0,1,0,2.0,1.0,1.0,0.0,0.0,0.0,1.0,0.0,0.0,1.0
48,3G,1,7,4,U08,1.0,4.0,3,1.0,80,40,130,15,8,5,2,,4,3,,,,,,,,3.0,3.0,0,84,,,,,40,,44,72,0.0,31.0,0.0,41.0,,,,,2.0,2.0,1.0,1.0,1,0,0,0,1,0,0,1,0,1,0,2.0,2.0,0.0,1.0,0.0,1.0,0.0,0.0,0.0,0.0
48,3G,1,7,5,U08,1.0,4.0,3,1.0,80,40,130,15,8,5,2,,41,3,,,,,,,,10.0,10.0,1,121,,,,,40,,81,50,0.0,20.0,2.0,30.0,,,,,2.0,2.0,2.0,2.0,0,1,0,1,0,0,0,0,0,1,1,2.0,1.0,0.0,0.0,0.0,0.0,1.0,0.0,0.0,0.0
49,4G,1,7,1,D01,1.0,2.0,1,4.0,180,105,300,80,21,8,8,,80,5,,,,,,,,9.0,9.0,0,260,,,,,105,,155,110,0.0,35.0,1.0,75.0,,,,,2.0,2.0,2.0,2.0,0,0,0,0,1,0,0,0,0,1,0,2.0,2.0,0.0,0.0,0.0,0.0,0.0,0.0,0.0,0.0
49,4G,1,7,2,D01,1.0,2.0,1,4.0,180,105,300,80,21,8,8,,54,9,,,,,,,,11.0,11.0,0,234,,,,,105,,129,84,0.0,0.0,2.0,84.0,,,,,2.0,2.0,1.0,2.0,0,0,0,0,0,0,0,0,0,0,0,2.0,2.0,0.0,0.0,0.0,0.0,0.0,0.0,1.0,0.0
49,4G,1,7,3,D01,1.0,3.0,1,4.0,180,105,300,80,21,8,8,,42,11,,,,,,,,13.0,13.0,0,222,,,,,105,,117,62,0.0,3.0,2.0,59.0,,,,,2.0,2.0,2.0,2.0,0,0,0,0,0,0,1,0,0,1,0,2.0,1.0,0.0,0.0,0.0,0.0,0.0,1.0,0.0,0.0
49,4G,1,7,4,D01,1.0,3.0,1,4.0,180,105,300,80,21,8,8,,17,13,,,,,,,,14.0,14.0,0,197,,,,,105,,92,37,0.0,20.0,0.0,17.0,,,,,2.0,2.0,1.0,2.0,0,0,0,0,0,1,0,0,0,1,0,2.0,2.0,0.0,0.0,0.0,0.0,0.0,0.0,0.0,0.0
49,4G,1,7,5,D01,1.0,3.0,1,4.0,180,105,300,80,21,8,8,,17,14,,,,,,,,17.0,17.0,0,197,,,,,105,,92,37,0.0,0.0,1.0,37.0,,,,,2.0,2.0,1.0,2.0,0,0,0,0,0,0,0,0,0,0,1,2.0,1.0,0.0,1.0,0.0,0.0,0.0,0.0,0.0,0.0
50,5G,1,7,1,D10,2.0,1.0,3,4.0,65,30,110,5,6,4,2,,5,5,,,,,,,,3.0,3.0,0,70,,,,,30,,40,17,0.0,12.0,0.0,5.0,,,,,2.0,2.0,2.0,2.0,0,1,0,0,0,0,0,0,0,1,0,2.0,1.0,0.0,0.0,0.0,0.0,0.0,0.0,0.0,0.0
50,5G,1,7,2,D10,2.0,1.0,3,4.0,65,30,110,5,6,4,2,,5,3,,,,,,,,3.0,3.0,0,70,,,,,30,,40,12,0.0,0.0,0.0,12.0,,,,,2.0,2.0,1.0,2.0,0,0,0,0,0,0,0,0,0,0,0,2.0,2.0,0.0,0.0,0.0,0.0,0.0,0.0,0.0,0.0
50,5G,1,7,3,D10,2.0,2.0,3,4.0,65,30,110,5,6,4,2,,12,3,,,,,,,,3.0,3.0,0,77,,,,,30,,47,14,0.0,0.0,0.0,14.0,,,,,2.0,2.0,2.0,2.0,0,0,0,0,0,0,0,0,0,0,0,2.0,1.0,0.0,0.0,0.0,0.0,0.0,0.0,0.0,0.0
50,5G,1,7,4,D10,2.0,1.0,3,4.0,65,30,110,5,6,4,2,,14,3,,,,,,,,3.0,3.0,0,79,,,,,30,,49,16,0.0,0.0,0.0,16.0,,,,,2.0,2.0,1.0,2.0,0,0,0,0,0,0,0,0,0,0,0,2.0,2.0,0.0,0.0,0.0,0.0,0.0,0.0,0.0,0.0
50,5G,1,7,5,N07,2.0,1.0,3,4.0,65,30,110,5,6,4,3,,16,3,,,,,,,,19.0,19.0,0,81,,,,,30,,51,48,0.0,0.0,8.0,48.0,,,,,2.0,2.0,2.0,2.0,0,0,0,0,0,0,0,0,0,1,1,2.0,1.0,0.0,1.0,0.0,0.0,0.0,0.0,0.0,0.0
51,6G,1,7,1,N04,1.0,2.0,1,2.0,100,50,170,30,10,6,6,,0,5,,,,,,,,5.0,5.0,0,100,,,,,50,,50,13,0.0,12.0,0.0,1.0,,,,,2.0,2.0,2.0,2.0,0,1,0,0,0,0,0,0,0,1,0,2.0,2.0,0.0,0.0,0.0,0.0,0.0,0.0,0.0,0.0
51,6G,1,7,2,N04,1.0,2.0,1,2.0,100,50,170,30,10,6,6,,1,5,,,,,,,,5.0,5.0,0,101,,,,,50,,51,14,0.0,0.0,0.0,14.0,,,,,2.0,2.0,2.0,2.0,0,0,0,0,0,0,0,0,0,0,0,2.0,2.0,0.0,0.0,0.0,1.0,0.0,0.0,0.0,0.0
51,6G,1,7,3,N04,1.0,2.0,1,2.0,100,50,170,30,10,6,6,,14,5,,,,,,,,5.0,5.0,0,114,,,,,50,,64,27,0.0,8.0,0.0,19.0,,,,,2.0,2.0,2.0,2.0,0,0,0,1,0,0,0,0,0,1,0,2.0,2.0,0.0,0.0,0.0,0.0,0.0,0.0,0.0,0.0
51,6G,1,7,4,N04,1.0,2.0,1,2.0,100,50,170,30,10,6,6,,19,5,,,,,,,,5.0,5.0,0,119,,,,,50,,69,27,0.0,0.0,0.0,27.0,,,,,2.0,2.0,1.0,2.0,0,0,0,0,0,0,0,0,0,0,0,2.0,2.0,0.0,0.0,0.0,0.0,0.0,0.0,0.0,0.0
51,6G,1,7,5,N04,1.0,2.0,1,2.0,100,50,170,30,10,6,6,,27,5,,,,,,,,14.0,14.0,0,127,,,,,50,,77,35,0.0,0.0,3.0,35.0,,,,,2.0,2.0,2.0,2.0,0,0,0,0,0,0,0,0,0,0,1,2.0,1.0,0.0,0.0,0.0,1.0,0.0,0.0,0.0,0.0
52,7G,1,7,1,U10,5.0,5.0,3,2.0,50,20,80,0,4,3,2,,0,5,,,,,,,,4.0,4.0,0,50,,,,,20,,30,8,0.0,8.0,0.0,0.0,,,,,2.0,2.0,2.0,2.0,0,0,0,1,0,0,0,0,0,1,0,2.0,2.0,0.0,0.0,1.0,0.0,0.0,0.0,0.0,0.0
52,7G,1,7,2,U10,4.0,4.0,3,2.0,50,20,80,0,4,3,2,,0,4,,,,,,,,4.0,4.0,0,50,,,,,20,,30,8,0.0,6.0,0.0,2.0,,,,,2.0,2.0,2.0,2.0,0,0,1,0,0,0,0,0,0,1,0,2.0,2.0,0.0,0.0,0.0,0.0,0.0,0.0,0.0,0.0
52,7G,1,7,3,U10,5.0,5.0,3,2.0,50,20,80,0,4,3,2,,0,4,,,,,,,,1.0,1.0,0,50,,,,,20,,30,5,0.0,0.0,0.0,5.0,,,,,1.0,1.0,2.0,2.0,0,0,0,0,0,0,0,0,0,0,0,2.0,2.0,1.0,0.0,0.0,0.0,1.0,0.0,0.0,0.0
52,7G,1,7,4,D08,2.0,3.0,3,2.0,50,20,80,0,4,3,2,,2,1,,,,,,,,7.0,7.0,2,52,,,,,20,,32,18,0.0,0.0,2.0,18.0,,,,,2.0,2.0,1.0,2.0,1,0,0,0,1,0,0,0,0,1,0,1.0,2.0,0.0,0.0,0.0,0.0,0.0,0.0,1.0,0.0
52,7G,1,7,5,D08,2.0,3.0,3,2.0,50,20,80,0,4,3,2,,5,7,,,,,,,,12.0,12.0,0,55,,,,,20,,35,7,0.0,3.0,1.0,4.0,,,,,2.0,2.0,1.0,2.0,0,0,0,0,0,0,1,0,0,1,1,2.0,1.0,0.0,0.0,0.0,0.0,0.0,0.0,0.0,0.0
53,8G,1,7,1,U04,3.0,3.0,1,2.0,80,40,130,15,8,5,4,,15,5,,,,,,,,4.0,4.0,0,95,,,,,40,,55,28,0.0,0.0,0.0,28.0,,,,,2.0,2.0,2.0,2.0,0,0,0,0,0,0,0,0,0,0,0,2.0,1.0,0.0,0.0,0.0,0.0,0.0,0.0,0.0,0.0
53,8G,1,7,2,N05,3.0,1.0,1,2.0,80,40,130,15,8,5,6,,28,4,,,,,,,,5.0,5.0,0,108,,,,,40,,68,0,0.0,0.0,0.0,0.0,,,,,2.0,2.0,2.0,2.0,0,0,0,0,0,0,0,0,0,0,0,2.0,2.0,0.0,0.0,0.0,0.0,0.0,0.0,0.0,0.0
53,8G,1,7,3,N05,3.0,2.0,1,2.0,80,40,130,15,8,5,6,,0,5,,,,,,,,4.0,4.0,0,80,,,,,40,,40,7,5.0,0.0,0.0,7.0,,,,,2.0,2.0,2.0,2.0,0,0,0,0,0,0,0,0,0,0,0,2.0,2.0,0.0,0.0,0.0,0.0,0.0,0.0,0.0,0.0
53,8G,1,7,4,N05,2.0,2.0,1,2.0,80,40,130,15,8,5,6,,2,4,,,,,,,,3.0,3.0,0,82,,,,,40,,42,4,0.0,0.0,0.0,4.0,,,,,2.0,2.0,1.0,1.0,0,0,0,0,0,0,0,0,0,0,0,2.0,2.0,0.0,0.0,0.0,0.0,0.0,0.0,0.0,0.0
53,8G,1,7,5,N05,3.0,2.0,1,2.0,80,40,130,15,8,5,6,,4,3,,,,,,,,9.0,9.0,1,84,,,,,40,,44,2,0.0,0.0,0.0,2.0,,,,,2.0,2.0,2.0,2.0,0,0,0,0,0,0,0,0,0,0,1,2.0,1.0,,,,,,,,
